Participant,StationName,Region,DispatchType,Category,Classification,FuelSource,FuelSourceDescriptor,TechnologyType,TechnologyTypeDescriptor,PhysicalUnitNumber,UnitSize,Aggregation,DUID,regcap,maxcap,maxroc
AGL Hydro Partnership,Banimboola Power Station,VIC1,Generator,Market,Non-Scheduled,Hydro,Water,Renewable,Hydro - Gravity,1-Feb,5.3,Y,BAPS,12.85,13,
AGL Hydro Partnership,Banimboola Power Station,VIC1,Generator,Market,Non-Scheduled,Hydro,Water,Renewable,Hydro - Gravity,3,2.25,Y,BAPS,-,-,
AGL Hydro Partnership,Bogong / Mckay Power Station,VIC1,Generator,Market,Scheduled,Hydro,Water,Renewable,Hydro - Gravity, B 1-2,80,Y,MCKAY1,300,300,60
AGL Hydro Partnership,Bogong / Mckay Power Station,VIC1,Generator,Market,Scheduled,Hydro,Water,Renewable,Hydro - Gravity, M1-6,25,Y,MCKAY1,-,-,
AGL Hydro Partnership,Clover Power Station,VIC1,Generator,Non-Market,Non-Scheduled,Hydro,Water,Renewable,Hydro - Gravity,1-Feb,14.5,N,-,30,30,
AGL Hydro Partnership,Dartmouth Power Station,VIC1,Generator,Market,Scheduled,Hydro,Water,Renewable,Hydro - Gravity,1,150,N,DARTM1,150,185,60
AGL Hydro Partnership,Eildon Power Station,VIC1,Generator,Market,Scheduled,Hydro,Water,Renewable,Hydro - Gravity,1,60,Y,EILDON1,60,60,20
AGL Hydro Partnership,Eildon Power Station,VIC1,Generator,Market,Scheduled,Hydro,Water,Renewable,Hydro - Gravity,1b,7.5,Y,EILDON1,-,-,
AGL Hydro Partnership,Eildon Power Station,VIC1,Generator,Market,Scheduled,Hydro,Water,Renewable,Hydro - Gravity,2,60,Y,EILDON2,60,60,20
AGL Hydro Partnership,Eildon Power Station,VIC1,Generator,Market,Scheduled,Hydro,Water,Renewable,Hydro - Gravity,2b,7.5,Y,EILDON2,-,-,
AGL Hydro Partnership,Hallett 1 Wind Farm,SA1,Generator,Market,Semi-Scheduled,Wind,Wind,Renewable,Wind - Onshore,Jan-45,2.1,Y,HALLWF1,94.5,95,30
AGL Hydro Partnership,Hallett 2 Wind Farm,SA1,Generator,Market,Semi-Scheduled,Wind,Wind,Renewable,Wind - Onshore,Jan-34,2.1,Y,HALLWF2,71.4,71,30
AGL Hydro Partnership,ISIS Central Sugar Mill Co-generation Plant,QLD1,Generator,Market,Non-Scheduled,Renewable/ Biomass / Waste,Bagasse,Combustion,Steam Sub-Critical,1,25,N,ICSM,25,25,
AGL Hydro Partnership,Moranbah Generation Project,QLD1,Generator,Market,Non-Scheduled,Fossil,Coal Seam Methane,Combustion,Compression Reciprocating Engine,1-Aug,1.57,N,MORANBAH,12.56,13,
AGL Hydro Partnership,North Brown Hill Wind Farm,SA1,Generator,Market,Semi-Scheduled,Wind,Wind,Renewable,Wind - Onshore,Jan-63,2.1,N,NBHWF1,132.3,132,30
AGL Hydro Partnership,Oakey Power Station,QLD1,Generator,Market,Scheduled,Fossil,Natural Gas,Combustion,Open Cycle Gas turbines (OCGT),1,141,N,OAKEY1,141,171,30
AGL Hydro Partnership,Oakey Power Station,QLD1,Generator,Market,Scheduled,Fossil,Natural Gas,Combustion,Open Cycle Gas turbines (OCGT),2,141,N,OAKEY2,141,171,30
AGL Hydro Partnership,Oaklands Hill Wind Farm,VIC1,Generator,Market,Semi-Scheduled,Wind,Wind,Renewable,Wind - Onshore,32,2.1,N,OAKLAND1,67,63,1
AGL Hydro Partnership,Pindari Hydro Power Station,NSW1,Generator,Market,Non-Scheduled,Hydro,Water,Renewable,Hydro - Gravity,1,6.7,N,PINDARI,6.7,6,
AGL Hydro Partnership,Roghan Road LFG Power Plant,QLD1,Generator,Market,Non-Scheduled,Renewable/ Biomass / Waste,Bagasse,Combustion,Steam Sub-Critical,1,2,N,EDLRGNRD,2,2,
AGL Hydro Partnership,Rubicon Mountain Streams Station,VIC1,Generator,Non-Market,Non-Scheduled,Hydro,Water,Renewable,Hydro - Gravity,1,13.55,N,-,13.55,13,
AGL Hydro Partnership,Somerton Power Station,VIC1,Generator,Market,Scheduled,Fossil,Natural Gas,Combustion,Open Cycle Gas turbines (OCGT),1-Apr,40,Y,AGLSOM,160,170,30
AGL Hydro Partnership,Suncoast Gold Macadamias,QLD1,Generator,Market,Non-Scheduled,Renewable/ Biomass / Waste,Macadamia Nut Shells,Combustion,Steam Sub-Critical,1,1.5,N,SUNCOAST,1.5,1,
AGL Hydro Partnership,The Bluff Wind Farm,SA1,Generator,Market,Semi-Scheduled,Wind,Wind,Renewable,Wind - Onshore,Jan-25,2.1,N,BLUFF1,52.5,52.5,0.7
AGL Hydro Partnership,Townsville Gas Turbine,QLD1,Generator,Market,Scheduled,Fossil,Natural Gas,Combustion,Open Cycle Gas turbines (OCGT),1,160,N,YABULU,160,174,17
AGL Hydro Partnership,Townsville Gas Turbine,QLD1,Generator,Market,Scheduled,Fossil,Natural Gas,Combustion,Open Cycle Gas turbines (OCGT),2,82,N,YABULU2,82,84,10
AGL Hydro Partnership,Wattle Point Wind Farm,SA1,Generator,Market,Non-Scheduled,Wind,Wind,Renewable,Wind - Onshore,Jan-55,1.65,N,WPWF,90.75,91,
AGL Hydro Partnership,West Kiewa Power Station,VIC1,Generator,Market,Scheduled,Hydro,Water,Renewable,Hydro - Gravity,1,31,N,WKIEWA1,31,31,15
AGL Hydro Partnership,West Kiewa Power Station,VIC1,Generator,Market,Scheduled,Hydro,Water,Renewable,Hydro - Gravity,2,31,N,WKIEWA2,31,31,15
AGL Hydro Partnership,West Nowra Landfill Gas Power Generation Facility,NSW1,Generator,Market,Non-Scheduled,Renewable/ Biomass / Waste,Landfill Methane / Landfill Gas,Combustion,Compression Reciprocating Engine,1,1,N,AGLNOW1,1,1,
AGL Hydro Partnership,Wyangala A Power Station,NSW1,Generator,Market,Non-Scheduled,Hydro,Water,Renewable,Hydro - Gravity,1,20,N,WYANGALA,20,20,
AGL Hydro Partnership,Wyangala B Power Station,NSW1,Generator,Market,Non-Scheduled,Hydro,Water,Renewable,Hydro - Gravity,1,4,N,WYANGALB,4,4,
AGL SA Generation Pty Limited ,"Torrens Island Power Station ""A""",SA1,Generator,Market, Scheduled,Fossil,Natural Gas / Fuel Oil,Combustion,Steam Sub-Critical,1,120,N,TORRA1,120,120,20
AGL SA Generation Pty Limited ,"Torrens Island Power Station ""A""",SA1,Generator,Market, Scheduled,Fossil,Natural Gas / Fuel Oil,Combustion,Steam Sub-Critical,2,120,N,TORRA2,120,120,20
AGL SA Generation Pty Limited ,"Torrens Island Power Station ""A""",SA1,Generator,Market, Scheduled,Fossil,Natural Gas / Fuel Oil,Combustion,Steam Sub-Critical,3,120,N,TORRA3,120,120,15
AGL SA Generation Pty Limited ,"Torrens Island Power Station ""A""",SA1,Generator,Market,Scheduled,Fossil,Natural Gas / Fuel Oil,Combustion,Steam Sub-Critical,4,120,N,TORRA4,120,120,15
AGL SA Generation Pty Limited ,"Torrens Island Power Station ""B""",SA1,Generator,Market,Scheduled,Fossil,Natural Gas / Fuel Oil,Combustion,Steam Sub-Critical,1,200,N,TORRB1,200,210,20
AGL SA Generation Pty Limited ,"Torrens Island Power Station ""B""",SA1,Generator,Market,Scheduled,Fossil,Natural Gas / Fuel Oil,Combustion,Steam Sub-Critical,2,200,N,TORRB2,200,210,20
AGL SA Generation Pty Limited ,"Torrens Island Power Station ""B""",SA1,Generator,Market,Scheduled,Fossil,Natural Gas / Fuel Oil,Combustion,Steam Sub-Critical,3,200,N,TORRB3,200,210,20
AGL SA Generation Pty Limited ,"Torrens Island Power Station ""B""",SA1,Generator,Market,Scheduled,Fossil,Natural Gas / Fuel Oil,Combustion,Steam Sub-Critical,4,200,N,TORRB4,200,210,20
AGL Sales (Queensland Electricity) Pty Limited,Brooklyn Landfill And Waste Recycling Facility,VIC1,Generator,Market,Non-Scheduled,Renewable/ Biomass / Waste,Landfill Methane / Landfill Gas,Combustion,Compression Reciprocating Engine,1-Feb,1.15,N,BROOKLYN,3.05,3,
AGL Sales (Queensland Electricity) Pty Limited,Brooklyn Landfill And Waste Recycling Facility,VIC1,Generator,Market,Non-Scheduled,Renewable/ Biomass / Waste,Landfill Methane / Landfill Gas,Combustion,Compression Reciprocating Engine,3,0.75,N,BROOKLYN,-,-,
AGL Sales (Queensland Electricity) Pty Limited,Eastern Creek Power Station,NSW1,Generator,Market,Non-Scheduled,Renewable/ Biomass / Waste,Landfill Methane / Landfill Gas,Combustion,Compression Reciprocating Engine,1-Apr,1.35,N,EASTCRK,5.4,5,
AGL Sales (Queensland Electricity) Pty Limited,German Creek Power Station,QLD1,Generator,Market,Non-Scheduled,Fossil,Waste Coal Mine Gas,Combustion,Compression Reciprocating Engine,Jan-16,2,N,GERMCRK,32,32,
AGL Sales (Queensland Electricity) Pty Limited,Grange Avenue Power Station,NSW1,Generator,Market,Non-Scheduled,Renewable/ Biomass / Waste,Landfill Methane / Landfill Gas,Combustion,Compression Reciprocating Engine,1,2,N,GRANGEAV,2,2,
AGL Sales (Queensland Electricity) Pty Limited,Jacks Gully Power Station,NSW1,Generator,Market,Non-Scheduled,Renewable/ Biomass / Waste,Landfill Methane / Landfill Gas,Combustion,Compression Reciprocating Engine,1,1.35,N,JACKSGUL,2.5,2,
AGL Sales (Queensland Electricity) Pty Limited,Jacks Gully Power Station,NSW1,Generator,Market,Non-Scheduled,Renewable/ Biomass / Waste,Landfill Methane / Landfill Gas,Combustion,Compression Reciprocating Engine,2,1.15,Y,JACKSGUL,-,-,
AGL Sales (Queensland Electricity) Pty Limited,KRC Cogeneration Plant Power Station,QLD1,Generator,Market,Non-Scheduled,Fossil,Natural Gas,Combustion,Steam Sub-Critical,3,1.5,N,KRCCOGEN,4.5,5,
AGL Southern Hydro (NSW) Pty Limited,Burrendong Hydro Power Station,NSW1,Generator,Non-Market,Non-Scheduled,Hydro,Water,Renewable,Hydro - Gravity,1,14.5,N,-,14.5,14,
AGL Southern Hydro (NSW) Pty Limited,Copeton Hydro Power Station,NSW1,Generator,Non-Market,Non-Scheduled,Hydro,Water,Renewable,Hydro - Gravity,1,24,N,-,24,24,
AGL Southern Hydro (NSW) Pty Limited,Glenbawn Hydro Power Station,NSW1,Generator,Non-Market,Non-Scheduled,Hydro,Water,Renewable,Hydro - Gravity,1,5.8,N,-,5.8,5,
AGL Southern Hydro (NSW) Pty Limited,Yarrawonga Hydro Power Station,VIC1,Generator,Non-Market,Non-Scheduled,Hydro,Water,Renewable,Hydro - Gravity,1-Feb,4.725,N,-,9,9,
Aurora Energy (Tamar Valley) Pty Ltd,Bairnsdale Power Station,VIC1,Generator,Market,Scheduled,Fossil,Natural Gas,Combustion,Open Cycle Gas turbines (OCGT),1,47,N,BDL01,47,47,4
Aurora Energy (Tamar Valley) Pty Ltd,Bairnsdale Power Station,VIC1,Generator,Market,Scheduled,Fossil,Natural Gas,Combustion,Open Cycle Gas turbines (OCGT),2,47,N,BDL02,47,47,4
Aurora Energy (Tamar Valley) Pty Ltd,Bell Bay Three Power Station,TAS1,Generator,Market,Scheduled,Fossil,Natural Gas,Combustion,Open Cycle Gas turbines (OCGT),1,35,N,BBTHREE1,35,49,10
Aurora Energy (Tamar Valley) Pty Ltd,Bell Bay Three Power Station,TAS1,Generator,Market,Scheduled,Fossil,Natural Gas,Combustion,Open Cycle Gas turbines (OCGT),2,35,N,BBTHREE2,35,49,10
Aurora Energy (Tamar Valley) Pty Ltd,Bell Bay Three Power Station,TAS1,Generator,Market,Scheduled,Fossil,Natural Gas,Combustion,Open Cycle Gas turbines (OCGT),3,35,N,BBTHREE3,35,49,10
Aurora Energy (Tamar Valley) Pty Ltd,Tamar Valley Combined Cycle Power Station,TAS1,Generator,Market,Scheduled,Fossil,Natural Gas,Combustion,Open Cycle Gas turbines (OCGT),1,141,Y,TVCC201,208,208,9
Aurora Energy (Tamar Valley) Pty Ltd,Tamar Valley Combined Cycle Power Station,TAS1,Generator,Market,Scheduled,Fossil,Natural Gas,Combustion,Open Cycle Gas turbines (OCGT),2,68,Y,TVCC201,-,-,
Aurora Energy (Tamar Valley) Pty Ltd,Tamar Valley Peaking  Power Station,TAS1,Generator,Market,Scheduled,Fossil,Natural Gas,Combustion,Open Cycle Gas turbines (OCGT),1,58,N,TVPP104,58,58,10
Basslink Pty Ltd,Basslink HVDC Link,TAS1,Network Service Provider,Market,Scheduled,,,,,1,478,N,BLNKTAS,478,478,200
Basslink Pty Ltd,Basslink HVDC Link,VIC1,Network Service Provider,Market,Scheduled,,,,,1,594,N,BLNKVIC,594,594,200
Braemar Power Project Pty Ltd,Braemar Power Station ,QLD1,Generator,Market,Scheduled,Fossil,Coal Seam Methane,Combustion,Open Cycle Gas turbines (OCGT),1,168,N,BRAEMAR1,168,173,35
Braemar Power Project Pty Ltd,Braemar Power Station ,QLD1,Generator,Market,Scheduled,Fossil,Coal Seam Methane,Combustion,Open Cycle Gas turbines (OCGT),2,168,N,BRAEMAR2,168,173,35
Braemar Power Project Pty Ltd,Braemar Power Station ,QLD1,Generator,Market,Scheduled,Fossil,Coal Seam Methane,Combustion,Open Cycle Gas turbines (OCGT),3,168,N,BRAEMAR3,168,173,35
Callide Power Trading Pty Ltd,Callide Power Plant,QLD1,Generator,Market,Scheduled,Fossil,Black Coal,Combustion,Steam Super Critical,3,420,N,CPP_3,420,500,100
Callide Power Trading Pty Ltd,Callide Power Plant,QLD1,Generator,Market,Scheduled,Fossil,Black Coal,Combustion,Steam Super Critical,4,420,N,CPP_4,420,500,100
Canunda Power Pty Ltd,Canunda Wind Farm,SA1,Generator,Non-Market,Non-Scheduled,Wind,Wind,Renewable,Wind - Onshore,Jan-23,2,N,-,46,46,
Cathedral Rocks Wind Farm Pty Ltd,Cathedral Rocks Wind Farm,SA1,Generator,Market,Non-Scheduled,Wind,Wind,Renewable,Wind - Onshore,Jan-33,2,N,CATHROCK,66,66,
Essential Energy,Broken Hill Gas Turbines,NSW1,Generator,Market,Non-Scheduled,Fossil,Diesel,Combustion,Open Cycle Gas turbines (OCGT),1-Feb,25,N,GB01,50,50,
Essential Energy,Daandine Power Station,QLD1,Generator,Market,Non-Scheduled,Fossil,Coal Seam Methane,Combustion,Compression Reciprocating Engine,1-Nov,3,N,DAANDINE,33,33,
Essential Energy,EarthPower Biomass Plant,NSW1,Generator,Market,Non-Scheduled,Renewable/ Biomass / Waste,Municipal and Industrial Materials,Combustion,Compression Reciprocating Engine,1,3.9,N,PMATTAEP,3.9,4,
Essential Energy,Lake Bonney Wind Farm,SA1,Generator,Market,Non-Scheduled,Wind,Wind,Renewable,Wind - Onshore,Jan-46,1.75,N,LKBONNY1,80.5,81,
Essential Energy,Lucas Heights II Stage 2,NSW1,Generator,Market,Non-Scheduled,Renewable/ Biomass / Waste,Landfill Methane / Landfill Gas,Combustion,Compression Reciprocating Engine,1-Apr,4.6,N,LUCAS2S2,4.6,5,
Essential Energy,Oaky Creek  Power Station,QLD1,Generator,Market,Non-Scheduled,Fossil,Coal Seam Methane,Combustion,Compression Reciprocating Engine,Jan-14,1.037,Y,OAKYCREK,20,20,
Essential Energy,Oaky Creek  Power Station,QLD1,Generator,Market,Non-Scheduled,Fossil,Coal Seam Methane,Combustion,Compression Reciprocating Engine,15-16,3,Y,OAKYCREK,-,-,
Essential Energy,Teralba Power Station ,NSW1,Generator,Market,Non-Scheduled,Fossil,Coal Seam Methane,Combustion,Compression Reciprocating Engine,1-Aug,1,N,TERALBA,8,8,
Essential Energy,Wonthaggi Wind Farm,VIC1,Generator,Market,Non-Scheduled,Wind,,Renewable,Wind - Onshore,1-Jun,2,Y,WONWP,12,12,
CS Energy Limited,Callide A Power Station,QLD1,Generator,Market,Non-Scheduled,Fossil,Black Coal,Combustion,Steam Sub-Critical,4,30,N,CALL_A_4,30,30,6
CS Energy Limited,Callide B Power Station,QLD1,Generator,Market,Scheduled,Fossil,Black Coal,Combustion,Steam Sub-Critical,1,350,N,CALL_B_1,350,385,77
CS Energy Limited,Callide B Power Station,QLD1,Generator,Market,Scheduled,Fossil,Black Coal,Combustion,Steam Sub-Critical,2,350,N,CALL_B_2,350,385,77
CS Energy Limited,Gladstone Power Station,QLD1,Generator,Market,Scheduled,Fossil,Black Coal,Combustion,Steam Sub-Critical,1,280,N,GSTONE1,280,285,15
CS Energy Limited,Gladstone Power Station,QLD1,Generator,Market,Scheduled,Fossil,Black Coal,Combustion,Steam Sub-Critical,2,280,N,GSTONE2,280,285,15
CS Energy Limited,Gladstone Power Station,QLD1,Generator,Market,Scheduled,Fossil,Black Coal,Combustion,Steam Sub-Critical,3,280,N,GSTONE3,280,285,15
CS Energy Limited,Gladstone Power Station,QLD1,Generator,Market,Scheduled,Fossil,Black Coal,Combustion,Steam Sub-Critical,4,280,N,GSTONE4,280,285,15
CS Energy Limited,Gladstone Power Station,QLD1,Generator,Market,Scheduled,Fossil,Black Coal,Combustion,Steam Sub-Critical,5,280,N,GSTONE5,280,285,15
CS Energy Limited,Gladstone Power Station,QLD1,Generator,Market,Scheduled,Fossil,Black Coal,Combustion,Steam Sub-Critical,6,280,N,GSTONE6,280,285,15
CS Energy Limited,Kogan Creek Power Station,QLD1,Generator,Market,Scheduled,Fossil,Black Coal,Combustion,Steam Super Critical,1,744,N,KPP_1,744,781,157
CS Energy Limited,Wivenhoe Power Station,QLD1,Generator,Market,Scheduled,Hydro,Water,Renewable,Hydro - pump storage,1,250,N,W/HOE#1,250,312,63
CS Energy Limited,Wivenhoe Power Station,QLD1,Generator,Market,Scheduled,Hydro,Water,Renewable,Hydro - pump storage,2,250,N,W/HOE#2,250,312,63
CS Energy Limited,Wivenhoe Power Station No. 1 Pump,QLD1,Load Norm Off,Market,Scheduled,,,,,1,240,N,PUMP1,240,245,49
CS Energy Limited,Wivenhoe Power Station No. 2 Pump,QLD1,Load Norm Off,Market,Scheduled,,,,,2,240,N,PUMP2,240,245,49
CSR Limited,Invicta Mill,QLD1,Generator,Non-Market,Non-Scheduled,Renewable/ Biomass / Waste,Bagasse,Combustion,Steam Sub-Critical,1,38.8,N,-,38.8,39,
Delta Electricity,Broadwater Power Station,NSW1,Generator,Market,Non-Scheduled,Renewable/ Biomass / Waste,Bagasse,Combustion,Steam Sub-Critical,1,30,N,BWTR1,30,30,
Delta Electricity,Colongra Power Station,NSW1,Generator,Market,Scheduled,Fossil,Natural Gas,Combustion,Open Cycle Gas turbines (OCGT),1,181,N,CG1,181,181,34
Delta Electricity,Colongra Power Station,NSW1,Generator,Market,Scheduled,Fossil,Natural Gas,Combustion,Open Cycle Gas turbines (OCGT),2,181,N,CG2,181,181,34
Delta Electricity,Colongra Power Station,NSW1,Generator,Market,Scheduled,Fossil,Natural Gas,Combustion,Open Cycle Gas turbines (OCGT),3,181,N,CG3,181,181,34
Delta Electricity,Colongra Power Station,NSW1,Generator,Market,Scheduled,Fossil,Natural Gas,Combustion,Open Cycle Gas turbines (OCGT),4,181,N,CG4,181,181,34
Delta Electricity,Condong Power Station,NSW1,Generator,Market,Non-Scheduled,Renewable/ Biomass / Waste,Bagasse,Combustion,Steam Sub-Critical,1,30,N,CONDONG1,30,30,
Delta Electricity,Munmorah Power Station,NSW1,Generator,Market,Scheduled,Fossil,Black Coal,Combustion,Steam Sub-Critical,3,300,N,MM3,300,310,25
Delta Electricity,Munmorah Power Station,NSW1,Generator,Market,Scheduled,Fossil,Black Coal,Combustion,Steam Sub-Critical,4,300,N,MM4,300,310,25
Delta Electricity,"Vales Point ""B"" Power Station",NSW1,Generator,Market,Scheduled,Fossil,Black Coal,Combustion,Steam Sub-Critical,5,660,N,VP5,660,680,25
Delta Electricity,"Vales Point ""B"" Power Station",NSW1,Generator,Market,Scheduled,Fossil,Black Coal,Combustion,Steam Sub-Critical,6,660,N,VP6,660,680,25
Diamond Energy Pty Ltd ,Shepparton Wastewater Treatment Facility,VIC1,Generator,Market,Non-Scheduled,Renewable/ Biomass / Waste,Sewerage/Waste Water,Combustion,Compression Reciprocating Engine,1,1.1,N,SHEP1,1.1,1,
Diamond Energy Pty Ltd ,Tatura Biomass Generator,VIC1,Generator,Market,Non-Scheduled,Renewable/ Biomass / Waste,Sewerage/Waste Water,Combustion,Compression Reciprocating Engine,1,1.1,N,TATURA01,1.1,1,
Ecogen Energy Pty Ltd,"Jeeralang ""A"" Power Station",VIC1,Generator,Market,Scheduled,Fossil,Natural Gas,Combustion,Open Cycle Gas turbines (OCGT),1,51,N,JLA01,51,65,23
Ecogen Energy Pty Ltd,"Jeeralang ""A"" Power Station",VIC1,Generator,Market,Scheduled,Fossil,Natural Gas,Combustion,Open Cycle Gas turbines (OCGT),2,51,N,JLA02,51,65,23
Ecogen Energy Pty Ltd,"Jeeralang ""A"" Power Station",VIC1,Generator,Market,Scheduled,Fossil,Natural Gas,Combustion,Open Cycle Gas turbines (OCGT),3,51,N,JLA03,51,65,23
Ecogen Energy Pty Ltd,"Jeeralang ""A"" Power Station",VIC1,Generator,Market,Scheduled,Fossil,Natural Gas,Combustion,Open Cycle Gas turbines (OCGT),4,51,N,JLA04,51,65,23
Ecogen Energy Pty Ltd,"Jeeralang ""B"" Power Station",VIC1,Generator,Market,Scheduled,Fossil,Natural Gas,Combustion,Open Cycle Gas turbines (OCGT),1,76,N,JLB01,76,100,20
Ecogen Energy Pty Ltd,"Jeeralang ""B"" Power Station",VIC1,Generator,Market,Scheduled,Fossil,Natural Gas,Combustion,Open Cycle Gas turbines (OCGT),2,76,N,JLB02,76,100,20
Ecogen Energy Pty Ltd,"Jeeralang ""B"" Power Station",VIC1,Generator,Market,Scheduled,Fossil,Natural Gas,Combustion,Open Cycle Gas turbines (OCGT),3,76,N,JLB03,76,100,20
Ecogen Energy Pty Ltd,Newport Power Station,VIC1,Generator,Market,Scheduled,Fossil,Natural Gas,Combustion,Steam Sub-Critical,1,500,N,NPS,500,510,20
EDL Group Operations Pty Ltd,Appin Power Plant,NSW1,Generator,Non-Market,Non-Scheduled,Fossil,Coal Seam Methane,Combustion,Spark Ignition Reciprocating Engine,Jan-54,1.03,N,-,55.6,55,
EDL Group Operations Pty Ltd,Berwick Power Plant,VIC1,Generator,Non-Market,Non-Scheduled,Renewable/ Biomass / Waste,Landfill Methane / Landfill Gas,Combustion,Spark Ignition Reciprocating Engine,1-May,1.44,N,-,7.2,7,
EDL Group Operations Pty Ltd,Broadmeadows Power Plant,VIC1,Generator,Non-Market,Non-Scheduled,Renewable/ Biomass / Waste,Landfill Methane / Landfill Gas,Combustion,Spark Ignition Reciprocating Engine,1-Jul,1.03,N,-,7.2,7,
EDL Group Operations Pty Ltd,Clayton Power Plant,VIC1,Generator,Non-Market,Non-Scheduled,Renewable/ Biomass / Waste,Landfill Methane / Landfill Gas,Combustion,Spark Ignition Reciprocating Engine,1-Nov,1,N,-,11,11,
EDL Group Operations Pty Ltd,Lucas Heights II Power Plant,NSW1,Generator,Non-Market,Non-Scheduled,Renewable/ Biomass / Waste,Landfill Methane / Landfill Gas,Combustion,Spark Ignition Reciprocating Engine,1-Dec,1.06,N,-,12.7,12,
EDL Group Operations Pty Ltd,Tower Power Plant,NSW1,Generator,Non-Market,Non-Scheduled,Fossil,Coal Seam Methane,Combustion,Spark Ignition Reciprocating Engine,Jan-40,1.03,N,-,41.2,41,
EDL Projects (Australia) Pty Ltd,Moranbah North Power Station,QLD1,Generator,Market,Non-Scheduled,Fossil,Coal Seam Methane,Combustion,Spark Ignition Reciprocating Engine,Jan-15,3.041,N,MBAHNTH,45.7,46,
Energy Brix Australia Corporation Pty Ltd,Energy Brix Complex Power Station,VIC1,Generator,Market,Scheduled,Fossil,Brown Coal,Combustion,Steam Sub-Critical,1,24,Y,MOR1,90,90,18
Energy Brix Australia Corporation Pty Ltd,Energy Brix Complex Power Station,VIC1,Generator,Market,Scheduled,Fossil,Brown Coal,Combustion,Steam Sub-Critical,3-Apr,33,Y,MOR1,-,-,
Energy Brix Australia Corporation Pty Ltd,Energy Brix Complex Power Station,VIC1,Generator,Market,Scheduled,Fossil,Brown Coal,Combustion,Steam Sub-Critical,2,30,N,MOR2,30,30,6
Energy Brix Australia Corporation Pty Ltd,Energy Brix Complex Power Station,VIC1,Generator,Market,Scheduled,Fossil,Brown Coal,Combustion,Steam Sub-Critical,5,75,N,MOR3,75,75,15
Energy Pacific (Vic) Pty Ltd,Codrington Wind Farm,VIC1,Generator,Market,Non-Scheduled,Wind,Wind,Renewable,Wind - Onshore,Jan-14,1.3,N,-,18.2,18,
Energy Pacific (Vic) Pty Ltd,Yambuk Wind Farm ,VIC1,Generator ,Market,Non-Scheduled,Wind,Wind,Renewable,Wind - Onshore,Jan-20,1.5,N,YAMBUKWF,30,30,
Energy Response Pty Ltd,Amcor Glass Gawler Plant,SA1,Generator,Market,Non-Scheduled,Fossil,Diesel,Combustion,Compression Reciprocating Engine,1-Mar,1.34,N,AMCORGR,4,4,
Energy Response Pty Ltd,Ballarat Base Hospital Plant,VIC1,Generator,Market,Non-Scheduled,Fossil,Natural Gas,Combustion,Compression Reciprocating Engine,1-Feb,1.02,N,BBASEHOS,2,2,
Energy Response Pty Ltd,Bankstown Sports Club Plant Units ,NSW1,Generator,Market,Non-Scheduled,Fuel Oil,Diesel,Combustion,Compression Reciprocating Engine,1,0.8,N,BANKSPT1,2,2,
Energy Response Pty Ltd,Bankstown Sports Club Plant Units ,NSW1,Generator,Market,Non-Scheduled,Fuel Oil,Diesel,Combustion,Compression Reciprocating Engine,2,1.34,N,BANKSPT1,-,-,
Energy Response Pty Ltd,Nine Network Willoughby Plant ,NSW1,Generator,Market,Non-Scheduled,Fuel Oil,Diesel,Combustion,Compression Reciprocating Engine,1-Mar,1.06,N,NINEWIL1,3.2,2,
Energy Response Pty Ltd,St George Leagues Club Plant,NSW1,Generator,Market,Non-Scheduled,Fuel Oil,Diesel,Combustion,Compression Reciprocating Engine,1,1.48,N,STGEORG1,1,1,
Energy Response Pty Ltd,Symex Power Plant ,VIC1,Generator,Market,Non-Scheduled,Gas,Natural,Combustion,Open Cycle Gas turbines (OCGT),1,5.9,N,SYMEX1,5,5,
Energy Response Pty Ltd,Tatiara Bordertown Plant,SA1,Generator,Market,Non-Scheduled,Fuel Oil,Diesel,Combustion,Compression Reciprocating Engine,1,0.5,N,TATIARA1,0.5,1,
Energy Response Pty Ltd,West Illawarra Leagues Club Plant,NSW1,Generator,Market,Non-Scheduled,Fuel Oil,Diesel,Combustion,Compression Reciprocating Engine,1,0.715,N,WESTILL1,1,1,
Energy Response Pty Ltd,West Illawarra Leagues Club Plant,NSW1,Generator,Market,Non-Scheduled,Fuel Oil,Diesel,Combustion,Compression Reciprocating Engine,2,0.275,N,WESTILL1,-,-,
Energy Response Pty Ltd,Western Suburbs League Club (Campbelltown) Plant,NSW1,Generator,Market,Non-Scheduled,Fuel Oil,Diesel,Combustion,Compression Reciprocating Engine,1,1,N,WESTCBT1,1,1,
Envirogen (Oaky) Pty Ltd ,Glennies Creek Power Station ,NSW1,Generator ,Non-Market,Non-Scheduled,Fossil,Coal Seam Methane,Combustion,Compression Reciprocating Engine,1-Dec,1.08,N,-,13,13,
Eraring Energy,Brown Mountain,NSW1,Generator,Market,Non-Scheduled,Hydro,Water,Renewable,Hydro - Gravity,1,0.5,Y,BROWNMT,4.95,6,
Eraring Energy,Brown Mountain,NSW1,Generator,Market,Non-Scheduled,Hydro,Water,Renewable,Hydro - Gravity,2-Mar,0.75,Y,BROWNMT,-,-,
Eraring Energy,Brown Mountain,NSW1,Generator,Market,Non-Scheduled,Hydro,Water,Renewable,Hydro - Gravity,4-May,1,Y,BROWNMT,-,-,
Eraring Energy,Brown Mountain,NSW1,Generator,Market,Non-Scheduled,Hydro,Water,Renewable,Hydro - Gravity,6,4.2,Y,BROWNMT,-,-,
Eraring Energy,Burrinjuck Power Station,NSW1,Generator,Market,Non-Scheduled,Hydro,Water,Renewable,Hydro - Gravity,3-Apr,5.7,N,BURRIN,27,28,
Eraring Energy,Burrinjuck Power Station,NSW1,Generator,Market,Non-Scheduled,Hydro,Water,Renewable,Hydro - Gravity,5,15.4,N,BURRIN,-,-,
Eraring Energy,Hume Power Station,NSW1,Generator,Market,Scheduled,Hydro,Water,Renewable,Hydro - Gravity,1-Feb,29,N,HUMENSW,29,70,10
Eraring Energy,Hume Power Station,VIC1,Generator,Market,Scheduled,Hydro,Water,Renewable,Hydro - Gravity,1-Feb,29,N,HUMEV,29,70,10
Eraring Energy,Keepit Power Station,NSW1,Generator,Market,Non-Scheduled,Hydro,Water,Renewable,Hydro - Gravity,1,6,N,KEEPIT,6,8,
Eraring Energy,Warragamba Power Station,NSW1,Generator,Market,Non-Scheduled,Hydro,Water,Renewable,Hydro - Gravity,1,50,N,WG01,50,50,
Ergon Energy Queensland Pty Ltd,Barcaldine Power Station,QLD1,Generator,Market,Scheduled,Fossil,Natural Gas,Combustion,Combined Cycle Gas Turbine (CCGT),1,57,N,BARCALDN,55,57,12
Flinders Operating Services Pty Ltd,Northern Power Station,SA1,Generator,Market,Scheduled,Fossil,Brown Coal,Combustion,Steam Sub-Critical,1,265,N,NPS1,265,280,5
Flinders Operating Services Pty Ltd,Northern Power Station,SA1,Generator,Market,Scheduled,Fossil,Brown Coal,Combustion,Steam Sub-Critical,2,265,N,NPS2,265,280,5
Flinders Operating Services Pty Ltd,Playford B Power Station,SA1,Generator,Market,Scheduled,Fossil,Brown Coal,Combustion,Steam Sub-Critical,1-Apr,60,Y,PLAYB-AG,240,252,3
Gunning Wind Energy Developments Pty Ltd,Gunning Wind Farm,NSW1,Generator,Market,Semi-Scheduled,Wind,Wind,Wind,Wind - Onshore,Jan-31,2.1,N,GUNNING1,47,47,47
Hazelwood Power,Hazelwood Power Station,VIC1,Generator,Market,Scheduled,Fossil,Brown Coal,Combustion,Steam Sub-Critical,1,200,N,HWPS1,200,220,2
Hazelwood Power,Hazelwood Power Station,VIC1,Generator,Market,Scheduled,Fossil,Brown Coal,Combustion,Steam Sub-Critical,2,200,N,HWPS2,200,220,2
Hazelwood Power,Hazelwood Power Station,VIC1,Generator,Market,Scheduled,Fossil,Brown Coal,Combustion,Steam Sub-Critical,3,200,N,HWPS3,200,220,2
Hazelwood Power,Hazelwood Power Station,VIC1,Generator,Market,Scheduled,Fossil,Brown Coal,Combustion,Steam Sub-Critical,4,200,N,HWPS4,200,220,2
Hazelwood Power,Hazelwood Power Station,VIC1,Generator,Market,Scheduled,Fossil,Brown Coal,Combustion,Steam Sub-Critical,5,200,N,HWPS5,200,220,2
Hazelwood Power,Hazelwood Power Station,VIC1,Generator,Market,Scheduled,Fossil,Brown Coal,Combustion,Steam Sub-Critical,6,200,N,HWPS6,200,220,2
Hazelwood Power,Hazelwood Power Station,VIC1,Generator,Market,Scheduled,Fossil,Brown Coal,Combustion,Steam Sub-Critical,7,200,N,HWPS7,200,220,2
Hazelwood Power,Hazelwood Power Station,VIC1,Generator,Market,Scheduled,Fossil,Brown Coal,Combustion,Steam Sub-Critical,8,200,N,HWPS8,200,220,2
Hydro-Electric Corporation,Bastyan Power Station,TAS1,Generator,Market,Scheduled,Hydro,Water,Renewable,Hydro - Gravity,1,79.9,N,BASTYAN,79.9,88,40
Hydro-Electric Corporation,Butlers Gorge Power Station,TAS1,Generator,Market,Non-Scheduled,Hydro,Water,Renewable,Hydro - Gravity,1,14.4,N,BUTLERSG,14.4,15,
Hydro-Electric Corporation,Catagunya / Liapootah / Wayatinah Power Station,TAS1,Generator,Market,Scheduled,Hydro,Water,Renewable,Hydro - Gravity,C 1-2,24,Y,LI_WY_CA,170.1,183,110
Hydro-Electric Corporation,Catagunya / Liapootah / Wayatinah Power Station,TAS1,Generator,Market,Scheduled,Hydro,Water,Renewable,Hydro - Gravity,L 1-3,27.9,Y,LI_WY_CA,-,-,
Hydro-Electric Corporation,Catagunya / Liapootah / Wayatinah Power Station,TAS1,Generator,Market,Scheduled,Hydro,Water,Renewable,Hydro - Gravity,W 1-3,12.8,Y,LI_WY_CA,-,-,
Hydro-Electric Corporation,Cethana Power Station,TAS1,Generator,Market,Scheduled,Hydro,Water,Renewable,Hydro - Gravity,1,85,N,CETHANA,85,100,40
Hydro-Electric Corporation,Cluny Power Station,TAS1,Generator,Market,Non-Scheduled,Hydro,Water,Renewable,Hydro - Gravity,1,17,N,CLUNY,17,19,
Hydro-Electric Corporation,Devils Gate Power Station,TAS1,Generator,Market,Scheduled,Hydro,Water,Renewable,Hydro - Gravity,1,60,N,DEVILS_G,60,65,40
Hydro-Electric Corporation,Fisher Power Station,TAS1,Generator,Market,Scheduled,Hydro,Water,Renewable,Hydro - Gravity,1,43.2,N,FISHER,43.2,46,30
Hydro-Electric Corporation,Gordon Power Station,TAS1,Generator,Market,Scheduled,Hydro,Water,Renewable,Hydro - Gravity,1-Mar,144,Y,GORDON,432,450,180
Hydro-Electric Corporation,John Butters Power Station,TAS1,Generator,Market,Scheduled,Hydro,Water,Renewable,Hydro - Gravity,1,144,N,JBUTTERS,144,144,40
Hydro-Electric Corporation,Lake Echo Power Station,TAS1,Generator,Market,Scheduled,Hydro,Water,Renewable,Hydro - Gravity,1,32.4,N,LK_ECHO,32.4,34,15
Hydro-Electric Corporation,Lemonthyme / Wilmot  Power Station,TAS1,Generator,Market,Scheduled,Hydro,Water,Renewable,Hydro - Gravity,L 1,51,Y,LEM_WIL,81.6,86,25
Hydro-Electric Corporation,Lemonthyme / Wilmot  Power Station,TAS1,Generator,Market,Scheduled,Hydro,Water,Renewable,Hydro - Gravity,W 1,30.6,Y,LEM_WIL,-,-,
Hydro-Electric Corporation,Mackintosh Power Station,TAS1,Generator,Market,Scheduled,Hydro,Water,Renewable,Hydro - Gravity,1,79.9,N,MACKNTSH,79.9,89,40
Hydro-Electric Corporation,Meadowbank Power Station,TAS1,Generator,Market,Scheduled,Hydro,Water,Renewable,Hydro - Gravity,1,40,N,MEADOWBK,40,42,10
Hydro-Electric Corporation,Paloona Power Station,TAS1,Generator,Market,Non-Scheduled,Hydro,Water,Renewable,Hydro - Gravity,1,28,N,PALOONA,28,33,
Hydro-Electric Corporation,Poatina Power Station,TAS1,Generator,Market,Scheduled,Hydro,Water,Renewable,Hydro - Gravity,1-Feb,50,Y,POAT110,100,124,20
Hydro-Electric Corporation,Poatina Power Station,TAS1,Generator,Market,Scheduled,Hydro,Water,Renewable,Hydro - Gravity,3-Jun,50,Y,POAT220,200,248,40
Hydro-Electric Corporation,Reece Power Station,TAS1,Generator,Market,Scheduled,Hydro,Water,Renewable,Hydro - Gravity,1,115.6,N,REECE1,115.6,119,40
Hydro-Electric Corporation,Reece Power Station,TAS1,Generator,Market,Scheduled,Hydro,Water,Renewable,Hydro - Gravity,2,115.6,N,REECE2,115.6,119,40
Hydro-Electric Corporation,Repulse Power Station,TAS1,Generator,Market,Non-Scheduled,Hydro,Water,Renewable,Hydro - Gravity,1,28,N,REPULSE,28,29,
Hydro-Electric Corporation,Rowallan Power Station,TAS1,Generator,Market,Non-Scheduled,Hydro,Water,Renewable,Hydro - Gravity,1,10.5,N,ROWALLAN,10.5,11,
Hydro-Electric Corporation,Tarraleah Power Station,TAS1,Generator,Market,Scheduled,Hydro,Water,Renewable,Hydro - Gravity,1-Jun,15,Y,TARRALEA,90,94,60
Hydro-Electric Corporation,Terminal Storage Mini Hydro Power Station,SA1,Generator,Market,Non-Scheduled,Hydro,Water,Renewable,Hydro - Gravity,1,2.5,N,TERMSTOR,2.5,2,
Hydro-Electric Corporation,Trevallyn Power Station,TAS1,Generator,Market,Scheduled,Hydro,Water,Renewable,Hydro - Gravity,1-Apr,20,Y,TREVALLN,80,103,60
Hydro-Electric Corporation,Tribute Power Station,TAS1,Generator,Market,Scheduled,Hydro,Water,Renewable,Hydro - Gravity,1,82.8,N,TRIBUTE,82.8,92,40
Hydro-Electric Corporation,Tungatinah Power Station,TAS1,Generator,Market,Scheduled,Hydro,Water,Renewable,Hydro - Gravity,1-May,25,Y,TUNGATIN,125,131,75
Hydro-Electric Corporation,Woolnorth Studland Bay / Bluff Point Wind Farm,TAS1,Generator,Market,Non-Scheduled,Wind,Wind,Renewable,Wind - Onshore,WBP 1-37,1.75,Y,WOOLNTH1,140,140,
Hydro-Electric Corporation,Woolnorth Studland Bay / Bluff Point Wind Farm,TAS1,Generator,Market,Non-Scheduled,Wind,Wind,Renewable,Wind - Onshore,WSB 1-25,3,Y,WOOLNTH1,-,-,
Infigen Energy Markets Pty Limited,Capital Wind Farm,NSW1,Generator,Market,Non-Scheduled,Wind,Wind,Renewable,Wind - Onshore,Jan-67,2,N,CAPTL_WF,140,140,
Infratil Energy Australia Pty Ltd,Angaston Power Station,SA1,Generator,Market,Scheduled,Fossil,Diesel,Combustion,Compression Reciprocating Engine,Jan-18,1.667,Y,ANGAS1,30,30,17
Infratil Energy Australia Pty Ltd,Angaston Power Station,SA1,Generator,Market,Scheduled,Fossil,Diesel,Combustion,Compression Reciprocating Engine,1-Dec,1.667,Y,ANGAS2,20,20,17
Infratil Energy Australia Pty Ltd,Awaba Power Station,NSW1,Generator,Market,Non-Scheduled,Renewable/ Biomass / Waste,Landfill Methane / Landfill Gas,,,1,1.123,N,AWABAREF,1.123,1,
Infratil Energy Australia Pty Ltd,Hunter Economic Zone,NSW1,Generator,Market,Non-Scheduled,Fossil,Diesel,,,Jan-16,1.8,N,HEZ,29,29,
Infratil Energy Australia Pty Ltd,Lonsdale Power Station,SA1,Generator,Market,Non-Scheduled,Fossil,Diesel,Combustion,Compression Reciprocating Engine,Jan-18,1.125,Y,LONSDALE,20,20,
Infratil Energy Australia Pty Ltd,Port Stanvac Power Station 1,SA1,Generator,Market,Non-Scheduled,Fossil,Diesel,Combustion,Compression Reciprocating Engine,Jan-18,1.6,N,STANV1,28.8,32,
Infratil Energy Australia Pty Ltd,Port Stanvac Power Station 2,SA1,Generator,Market,Non-Scheduled,Fossil,Diesel,Combustion,Compression Reciprocating Engine,19-36,1.6,N,STANV2,28.8,32,
Infratil Energy Australia Pty Ltd,Remount Power Station,TAS1,Generator,Market,Non-Scheduled,Renewable/ Biomass / Waste,Landfill Methane / Landfill Gas,,,1-Feb,1,N,REMOUNT,2,2,
IPM Australia Limited ,Loy Yang B Power Station,VIC1,Generator,Market,Scheduled,Fossil,Brown Coal,Combustion,Steam Sub-Critical,1,500,N,LOYYB1,500,600,25
IPM Australia Limited ,Loy Yang B Power Station,VIC1,Generator,Market,Scheduled,Fossil,Brown Coal,Combustion,Steam Sub-Critical,2,500,N,LOYYB2,500,600,25
Lake Bonney Wind Power Pty Ltd,Lake Bonney Stage 2 Windfarm,SA1,Generator,Market,Semi-Scheduled,Wind,Wind,Renewable,Wind - Onshore,Jan-53,3,N,LKBONNY2,159,159,32
Lake Bonney Wind Power Pty Ltd,Lake Bonney Stage 3 Wind Farm,SA1,Generator,Market,Semi-Scheduled,Wind,Wind,Renewable,Wind - Onshore,Jan-13,39,N,LKBONNY3,39,39,8
LMS Generation Pty Ltd,Eastern Creek 2 Gas Utilisation Facility ,NSW1,Generator,Non-Market,Non-Scheduled,,,,,1-Aug,1.123,N,-,8.984,10,
Loy Yang Marketing Management Company Pty Ltd,Loy Yang A Power Station,VIC1,Generator,Market,Scheduled,Fossil,Brown Coal,Combustion,Steam Sub-Critical,1,560,N,LYA1,560,590,118
Loy Yang Marketing Management Company Pty Ltd,Loy Yang A Power Station,VIC1,Generator,Market,Scheduled,Fossil,Brown Coal,Combustion,Steam Sub-Critical,2,500,N,LYA2,500,540,108
Loy Yang Marketing Management Company Pty Ltd,Loy Yang A Power Station,VIC1,Generator,Market,Scheduled,Fossil,Brown Coal,Combustion,Steam Sub-Critical,3,560,N,LYA3,560,590,118
Loy Yang Marketing Management Company Pty Ltd,Loy Yang A Power Station,VIC1,Generator,Market,Scheduled,Fossil,Brown Coal,Combustion,Steam Sub-Critical,4,560,N,LYA4,560,580,116
Macquarie Generation,Bayswater Power Station,NSW1,Generator,Market,Scheduled,Fossil,Black Coal,Combustion,Steam Sub-Critical,1,660,N,BW01,660,700,140
Macquarie Generation,Bayswater Power Station,NSW1,Generator,Market,Scheduled,Fossil,Black Coal,Combustion,Steam Sub-Critical,2,660,N,BW02,660,700,140
Macquarie Generation,Bayswater Power Station,NSW1,Generator,Market,Scheduled,Fossil,Black Coal,Combustion,Steam Sub-Critical,3,660,N,BW03,660,700,140
Macquarie Generation,Bayswater Power Station,NSW1,Generator,Market,Scheduled,Fossil,Black Coal,Combustion,Steam Sub-Critical,4,660,N,BW04,660,700,140
Macquarie Generation,Hunter Valley Gas Turbine ,NSW1,Generator,Market,Scheduled,Fossil,Kerosene,Combustion,Open Cycle Gas turbines (OCGT),1-Feb,25,Y,HVGTS,50,50,10
Macquarie Generation,Liddell Power Station,NSW1,Generator,Market,Scheduled,Fossil,Black Coal,Combustion,Steam Sub-Critical,1,500,N,LD01,500,550,110
Macquarie Generation,Liddell Power Station,NSW1,Generator,Market,Scheduled,Fossil,Black Coal,Combustion,Steam Sub-Critical,2,500,N,LD02,500,550,110
Macquarie Generation,Liddell Power Station,NSW1,Generator,Market,Scheduled,Fossil,Black Coal,Combustion,Steam Sub-Critical,3,500,N,LD03,500,550,110
Macquarie Generation,Liddell Power Station,NSW1,Generator,Market,Scheduled,Fossil,Black Coal,Combustion,Steam Sub-Critical,4,500,N,LD04,500,550,110
Marubeni Australia Power Services Pty Ltd,Smithfield Energy Facility,NSW1,Generator,Non-Market,Scheduled,Fossil,Natural Gas,Combustion,Combined Cycle Gas Turbine (CCGT),1-Mar,38,Y,SITHE01,160,175,35
Marubeni Australia Power Services Pty Ltd,Smithfield Energy Facility,NSW1,Generator,Non-Market,Scheduled,Fossil,Natural Gas,Combustion,Combined Cycle Gas Turbine (CCGT),4,62,Y,SITHE01,-,-,
Millmerran Energy Trader Pty Ltd,Millmerran Power Plant,QLD1,Generator,Market,Scheduled,Fossil,Black Coal,Combustion,Steam Super Critical,1,426,N,MPP_1,426,450,90
Millmerran Energy Trader Pty Ltd,Millmerran Power Plant,QLD1,Generator,Market,Scheduled,Fossil,Black Coal,Combustion,Steam Super Critical,2,426,N,MPP_2,426,450,90
Mt Millar Wind Farm Pty Ltd,Mt Millar Wind Farm,SA1,Generator,Market,Non-Scheduled,Wind,Wind,Renewable,Wind - Onshore,Jan-35,2,N,MTMILLAR,70,70,
Narrabri Power Limited,Wilga Park Power Station,NSW1,Generator,Non-Market,Non-Scheduled,Fossil,Coal Seam Methane,Combustion,Compression Reciprocating Engine,1-Apr,1,N,-,4,4,
Narrabri Power Limited,Wilga Park Power Station,NSW1,Generator,Non-Market,Non-Scheduled,Fossil,Coal Seam Methane,Combustion,Compression Reciprocating Engine,5-Jun,3,N,-,6,6,
NewGen Braemar 2 Partnership,Braemar 2 Power Station,QLD1,Generator,Market,Scheduled,Fossil,Coal Seam Methane,Combustion,Open Cycle Gas turbines (OCGT),5,173,N,BRAEMAR5,173,173,35
NewGen Braemar 2 Partnership,Braemar 2 Power Station,QLD1,Generator,Market,Scheduled,Fossil,Coal Seam Methane,Combustion,Open Cycle Gas turbines (OCGT),6,173,N,BRAEMAR6,173,173,35
NewGen Braemar 2 Partnership,Braemar 2 Power Station,QLD1,Generator,Market,Scheduled,Fossil,Coal Seam Methane,Combustion,Open Cycle Gas turbines (OCGT),7,173,N,BRAEMAR7,173,173,35
Origin Energy Electricity Limited,Cullerin Range Wind Farm,NSW1,Generator,Market,Non-Scheduled,Wind,Wind,Renewable,Wind - Onshore,Jan-15,2,N,CULLRGWF,30,30,
Origin Energy Electricity Limited,Bendeela / Kangaroo Valley Power Station,NSW1,Generator ,Market,Scheduled,Hydro,Water,Renewable,Hydro - Gravity,B 1-2,40,Y,SHGEN ,240,240,25
Origin Energy Electricity Limited,Bendeela / Kangaroo Valley Power Station,NSW1,Generator ,Market,Scheduled,Hydro,Water,Renewable,Hydro - Gravity,KV 3-4,80,Y,SHGEN ,,-,
Origin Energy Electricity Limited,Bendeela / Kangaroo Valley Pumps,NSW1,Load Norm Off,Market,Scheduled,,,,,B 1-2,40,Y,SHPUMP,240,240,10
Origin Energy Electricity Limited,Bendeela / Kangaroo Valley Pumps,NSW1,Load Norm Off,Market,Scheduled,,,,,KV 3-4,80,Y,SHPUMP,,-,
Origin Energy Electricity Limited,Darling Downs Power Station,QLD1,Generator,Market,Scheduled,Fossil,Natural Gas,Combustion,Combined Cycle Gas Turbine (CCGT),0,280,Y,DDPS1,644,663,133
Origin Energy Electricity Limited,Darling Downs Power Station,QLD1,Generator,Market,Scheduled,Fossil,Natural Gas,Combustion,Combined Cycle Gas Turbine (CCGT),1-Mar,121,Y,DDPS1,_,-,
Origin Energy Electricity Limited,Eraring Power Station,NSW1,Generator,Market,Scheduled,Fossil,Black Coal,Combustion,Steam Sub-Critical,1,660,N,ER01,660,720,20
Origin Energy Electricity Limited,Eraring Power Station,NSW1,Generator,Market,Scheduled,Fossil,Black Coal,Combustion,Steam Sub-Critical,2,660,N,ER02,660,750,20
Origin Energy Electricity Limited,Eraring Power Station,NSW1,Generator,Market,Scheduled,Fossil,Black Coal,Combustion,Steam Sub-Critical,3,660,N,ER03,660,720,20
Origin Energy Electricity Limited,Eraring Power Station,NSW1,Generator,Market,Scheduled,Fossil,Black Coal,Combustion,Steam Sub-Critical,4,660,N,ER04,660,720,20
Origin Energy Electricity Limited,Eraring Power Station,NSW1,Generator,Market,Non-Scheduled,Fossil,Diesel,Combustion,Compression Reciprocating Engine,1,41.5,N,ERGT01,41.5,56,
Origin Energy Electricity Limited,Ladbroke Grove Power Station,SA1,Generator,Market,Scheduled,Fossil,Natural Gas,Combustion,Open Cycle Gas turbines (OCGT),1,40,N,LADBROK1,40,50,10
Origin Energy Electricity Limited,Ladbroke Grove Power Station,SA1,Generator,Market,Scheduled,Fossil,Natural Gas,Combustion,Open Cycle Gas turbines (OCGT),2,40,N,LADBROK2,40,50,10
Origin Energy Electricity Limited,Mortlake Power Station Units,VIC1,Generator,Market,Scheduled,Fossil,Natural Gas,Combustion,Open Cycle Gas turbines (OCGT),11,283,N,MORTLK11,283,281,13
Origin Energy Electricity Limited,Mortlake Power Station Units,VIC1,Generator,Market,Scheduled,Fossil,Natural Gas,Combustion,Open Cycle Gas turbines (OCGT),12,283,M,MORTLK12,283,281,13
Origin Energy Electricity Limited,Mt Stuart Power Station,QLD1,Generator,Market,Scheduled,Fossil,Kerosene,Combustion,Open Cycle Gas turbines (OCGT),1,146,N,MSTUART1,146,152,31
Origin Energy Electricity Limited,Mt Stuart Power Station,QLD1,Generator,Market,Scheduled,Fossil,Kerosene,Combustion,Open Cycle Gas turbines (OCGT),2,146,N,MSTUART2,146,152,31
Origin Energy Electricity Limited,Mt Stuart Power Station,QLD1,Generator,Market,Scheduled,Fossil,Kerosene,Combustion,Open Cycle Gas turbines (OCGT),3,131,N,MSTUART3,131,139,28
Origin Energy Electricity Limited,Osborne Power Station,SA1,Generator,Market,Scheduled,Fossil,Natural Gas,Combustion,Combined Cycle Gas Turbine (CCGT),1,118,Y,OSB-AG,180,204,41
Origin Energy Electricity Limited,Osborne Power Station,SA1,Generator,Market,Scheduled,Fossil,Natural Gas,Combustion,Combined Cycle Gas Turbine (CCGT),2,62,Y,OSB-AG,-,-,
Origin Energy Electricity Limited,Quarantine Power Station,SA1,Generator,Market,Scheduled,Fossil,Natural Gas,Combustion,Open Cycle Gas turbines (OCGT),1,24,N,QPS1,24,25,5
Origin Energy Electricity Limited,Quarantine Power Station,SA1,Generator,Market,Scheduled,Fossil,Natural Gas,Combustion,Open Cycle Gas turbines (OCGT),2,24,N,QPS2,24,25,5
Origin Energy Electricity Limited,Quarantine Power Station,SA1,Generator,Market,Scheduled,Fossil,Natural Gas,Combustion,Open Cycle Gas turbines (OCGT),3,24,N,QPS3,24,25,5
Origin Energy Electricity Limited,Quarantine Power Station,SA1,Generator,Market,Scheduled,Fossil,Natural Gas,Combustion,Open Cycle Gas turbines (OCGT),4,24,N,QPS4,24,25,5
Origin Energy Electricity Limited,Quarantine Power Station,SA1,Generator,Market,Scheduled,Fossil,Natural Gas,Combustion,Open Cycle Gas turbines (OCGT),5,128,N,QPS5,128,128,26
Origin Energy Electricity Limited,Rochedale Renewable Energy Facility,QLD1,Generator,Market,Non-Scheduled,Renewable/ Biomass / Waste,Landfill Methane / Landfill Gas,Combustion,Compression Reciprocating Engine,1-Mar,1.1,N,ROCHEDAL,4,4,
Origin Energy Electricity Limited,Rochedale Renewable Energy Facility,QLD1,Generator,Market,Non-Scheduled,Renewable/ Biomass / Waste,Landfill Methane / Landfill Gas,Combustion,Compression Reciprocating Engine,4,0.7,N,ROCHEDAL,-,-,
Origin Energy Electricity Limited,Roma Gas Turbine Station,QLD1,Generator,Market,Scheduled,Fossil,Natural Gas,Combustion,Open Cycle Gas turbines (OCGT),7,40,N,ROMA_7,40,42,9
Origin Energy Electricity Limited,Roma Gas Turbine Station,QLD1,Generator,Market,Scheduled,Fossil,Natural Gas,Combustion,Open Cycle Gas turbines (OCGT),8,40,N,ROMA_8,40,42,9
Origin Energy Electricity Limited,Whitwood Road Renewable Energy Facility,QLD1,Generator,Market,Non-Scheduled,Renewable/ Biomass / Waste,Landfill Methane / Landfill Gas,Combustion,Compression Reciprocating Engine,1,1.1,N,WHIT1,1,1,
Origin Energy Uranquinty Power Pty Ltd,Uranquinty Power Station ,NSW1,Generator,Market,Scheduled,Fossil,Natural Gas,Combustion,Open Cycle Gas turbines (OCGT),1,166,N,URANQ11,166,166,34
Origin Energy Uranquinty Power Pty Ltd,Uranquinty Power Station ,NSW1,Generator,Market,Scheduled,Fossil,Natural Gas,Combustion,Open Cycle Gas turbines (OCGT),2,166,N,URANQ12,166,166,34
Origin Energy Uranquinty Power Pty Ltd,Uranquinty Power Station ,NSW1,Generator,Market,Scheduled,Fossil,Natural Gas,Combustion,Open Cycle Gas turbines (OCGT),3,166,N,URANQ13,166,166,34
Origin Energy Uranquinty Power Pty Ltd,Uranquinty Power Station ,NSW1,Generator,Market,Scheduled,Fossil,Natural Gas,Combustion,Open Cycle Gas turbines (OCGT),4,166,N,URANQ14,166,166,34
Pacific Hydro Challicum Hills Pty Ltd,Challicum Hills Wind Farm,VIC1,Generator,Non-Market,Non-Scheduled,Wind,Wind,Renewable,Wind - Onshore,Jan-35,1.5,Y,-,52.5,53,
Pacific Hydro Clements Gap Pty Ltd,Clements Gap Wind Farm,SA1,Generator,Market,Semi-Scheduled,Wind,Wind,Renewable,Wind - Onshore,Jan-27,2,N,CLEMGPWF,57,57,12
Pacific Hydro Portland Wind Farm Pty Ltd,Portland Wind Farm,VIC1,Generator,Non-Market,Non-Scheduled,Wind,Wind,Renewable,Wind - Onshore,Jan-82,2,Y,-,164,164,
Pelican Point Power Limited,Pelican Point Power Station,SA1,Generator,Market,Scheduled,Fossil,Natural Gas,Combustion,Combined Cycle Gas Turbine (CCGT),1-Feb,160,Y,PPCCGT,478,510,20
Pelican Point Power Limited,Pelican Point Power Station,SA1,Generator,Market,Scheduled,Fossil,Natural Gas,Combustion,Combined Cycle Gas Turbine (CCGT),3,158,Y,PPCCGT,-,-,
Pioneer Sugar Mills Pty Ltd,Pioneer Sugar Mill,QLD1,Generator,Non-Market,Non-Scheduled,Renewable/ Biomass / Waste,Bagasse,Combustion,Steam Sub-Critical,1,30.86,N,-,30.86,68,
Pioneer Sugar Mills Pty Ltd,Pioneer Sugar Mill,QLD1,Generator,Non-Market,Non-Scheduled,Renewable/ Biomass / Waste,Bagasse,Combustion,Steam Sub-Critical,2,36.92,N,-,36.92,-,
Progressive Green Pty Ltd,South East Water - Hallam Hydro Plant,VIC1,Generator,Market,Non-Scheduled,Hydro,Water,Renewable,Hydro - Gravity,1,0.25,N,HLMSEW01,0.25,1,
Pyrenees Wind Energy Development Pty Ltd,Waubra Wind Farm,VIC1,Generator,Market,Non-Scheduled,Wind,Wind,Renewable,Wind - Onshore,1-128,1.5,Y,WAUBRAWF,192,192,
QGC Sales Qld Pty Ltd,Condamine Power Station A,QLD1,Generator,Market,Scheduled,Fossil,Natural Gas,Combustion,Combined Cycle Gas Turbine (CCGT),1-Feb,43,Y,CPSA,144,144,29
QGC Sales Qld Pty Ltd,Condamine Power Station A,QLD1,Generator,Market,Scheduled,Fossil,Natural Gas,Combustion,Combined Cycle Gas Turbine (CCGT),3,57,Y,CPSA,-,-,
Redbank Project Pty Limited,Redbank Power Station,NSW1,Generator,Market,Scheduled,Fossil,Coal Tailings,Combustion,Steam Sub-Critical,1,150,N,REDBANK1,150,151,5
Red Energy Pty Ltd,Hepburn Wind Farm,VIC1,Generator,Market,Non-Scheduled,Wind,Wind,Renewable,Wind - Onshore,1-Feb,2.05,N,HEPWIND1,4.1,4.1,
Rocky Point Power Project Pty Ltd ,Rocky Point Cogeneration Plant,QLD1,Generator,Market,Non-Scheduled,,,,,1,28,N,RPCG,28,30,
RTA Yarwun Pty Ltd,Yarwun Power Station,QLD1,Generator,Market,Non-Scheduled,,,,,1,154,N,YARWUN_1,154,180,36
Secure Energy Pty Ltd,Southbank Institute Of Technology Unit 1 Plant,QLD1,Generator,Market,Non-Scheduled,Fossil,Diesel,Combustion,Compression Reciprocating Engine,1,1,N,STHBKTEC,1,1,
Snowtown Wind Farm Pty Ltd,Snowtown Wind Farm Units 1 And 47,SA1,Generator,Market,Semi-Scheduled,Wind,Wind,Renewable,Wind - Onshore,Jan-47,2.1,Y,SNOWTWN1,99,99,20
Snowy Hydro Limited,Blowering Power Station,NSW1,Generator,Market,Scheduled,Hydro,Water,Renewable,Hydro - Gravity,1,70,N,BLOWERNG,70,80,14
Snowy Hydro Limited,Guthega Power Station,NSW1,Generator,Market,Scheduled,Hydro,Water,Renewable,Hydro - Gravity,1,30,Y,GUTHEGA,60,68,13
Snowy Hydro Limited,Guthega Power Station,NSW1,Generator,Market,Scheduled,Hydro,Water,Renewable,Hydro - Gravity,2,30,Y,GUTHEGA,-,-,
Snowy Hydro Limited,Jindabyne Small Hydro Power Station ,NSW1,Generator,Market,Non-Scheduled,Hydro,Water,Renewable,Hydro - Gravity,1,1.1,N,JNDABNE1,1.1,1,
Snowy Hydro Limited,Jounama Small Hydro Power Station,NSW1,Generator,Market,Non-Scheduled,Hydro,Water,Renewable,Hydro - Gravity,1,14,N,JOUNAMA1,14,14,
Snowy Hydro Limited,Laverton North Power Station,VIC1,Generator,Market,Scheduled,Fossil,Natural Gas,Combustion,Open Cycle Gas turbines (OCGT),1-Feb,156,Y,LAVNORTH,312,342,69
Snowy Hydro Limited,Murray 1 Power Station,VIC1,Generator,Market,Scheduled,Hydro,Water,Renewable,Hydro - Gravity,1-Oct,95,Y,MURRAY,1500,1575,302
Snowy Hydro Limited,Murray 2 Power Station,VIC1,Generator,Market,Scheduled,Hydro,Water,Renewable,Hydro - Gravity,1-Apr,138,Y,MURRAY,-,-,
Snowy Hydro Limited,Tumut 1 Power Station,NSW1,Generator,Market,Scheduled,Hydro,Water,Renewable,Hydro - Gravity,1-Apr,82,Y,UPPTUMUT,616,665,133
Snowy Hydro Limited,Tumut 2 Power Station,NSW1,Generator,Market,Scheduled,Hydro,Water,Renewable,Hydro - Gravity,5-Aug,72,Y,UPPTUMUT,-,-,
Snowy Hydro Limited,Tumut 3 Power Station,NSW1,Generator,Market,Scheduled,Hydro,Water,Renewable,Hydro - Gravity,1-Jun,250,Y,TUMUT3,1500,1750,340
Stanwell Corporation Limited,Barron Gorge Power Station,QLD1,Generator,Market,Scheduled,Hydro,Water,Renewable,Run of River,1,30,N,BARRON-1,30,33,4
Stanwell Corporation Limited,Barron Gorge Power Station,QLD1,Generator,Market,Scheduled,Hydro,Water,Renewable,Run of River,2,30,N,BARRON-2,30,33,4
Stanwell Corporation Limited,Collinsville Power Station,QLD1,Generator,Market,Scheduled,Fossil,Black Coal,Combustion,Steam Sub-Critical,1,32,N,COLNSV_1,32,33,7
Stanwell Corporation Limited,Collinsville Power Station,QLD1,Generator,Market,Scheduled,Fossil,Black Coal,Combustion,Steam Sub-Critical,2,32,N,COLNSV_2,32,33,7
Stanwell Corporation Limited,Collinsville Power Station,QLD1,Generator,Market,Scheduled,Fossil,Black Coal,Combustion,Steam Sub-Critical,3,32,N,COLNSV_3,32,35,7
Stanwell Corporation Limited,Collinsville Power Station,QLD1,Generator,Market,Scheduled,Fossil,Black Coal,Combustion,Steam Sub-Critical,4,33,N,COLNSV_4,33,35,7
Stanwell Corporation Limited,Collinsville Power Station,QLD1,Generator,Market,Scheduled,Fossil,Black Coal,Combustion,Steam Sub-Critical,5,66,N,COLNSV_5,66,69,14
Stanwell Corporation Limited,Kareeya Power Station,QLD1,Generator,Market,Scheduled,Hydro,Water,Renewable,Run of River,1,21,N,KAREEYA1,21,22,5
Stanwell Corporation Limited,Kareeya Power Station,QLD1,Generator,Market,Scheduled,Hydro,Water,Renewable,Run of River,2,21,N,KAREEYA2,21,22,5
Stanwell Corporation Limited,Kareeya Power Station,QLD1,Generator,Market,Scheduled,Hydro,Water,Renewable,Run of River,3,18,N,KAREEYA3,18,22,5
Stanwell Corporation Limited,Kareeya Power Station,QLD1,Generator,Market,Scheduled,Hydro,Water,Renewable,Run of River,4,21,N,KAREEYA4,21,22,5
Stanwell Corporation Limited,Kareeya Power Station,QLD1,Generator,Market,Non-Scheduled,Hydro,Water,Renewable,Run of River,5,7,N,KAREEYA5,7,7,
Stanwell Corporation Limited,Mackay Gas Turbine,QLD1,Generator,Market,Scheduled,Fossil,Diesel,Combustion,Open Cycle Gas turbines (OCGT),1,30,N,MACKAYGT,30,34,16
Stanwell Corporation Limited,Stanwell Power Station,QLD1,Generator,Market,Scheduled,Fossil,Black Coal,Combustion,Steam Sub-Critical,1,350,N,STAN-1,350,385,6
Stanwell Corporation Limited,Stanwell Power Station,QLD1,Generator,Market,Scheduled,Fossil,Black Coal,Combustion,Steam Sub-Critical,2,350,N,STAN-2,350,385,6
Stanwell Corporation Limited,Stanwell Power Station,QLD1,Generator,Market,Scheduled,Fossil,Black Coal,Combustion,Steam Sub-Critical,3,350,N,STAN-3,350,385,6
Stanwell Corporation Limited,Stanwell Power Station,QLD1,Generator,Market,Scheduled,Fossil,Black Coal,Combustion,Steam Sub-Critical,4,350,N,STAN-4,350,385,6
Stanwell Corporation Limited,Swanbank B Power Station,QLD1,Generator,Market,Scheduled,Fossil,Black Coal,Combustion,Steam Sub-Critical,1,125,N,SWAN_B_1,125,125,25
Stanwell Corporation Limited,Swanbank B Power Station,QLD1,Generator,Market,Scheduled,Fossil,Black Coal,Combustion,Steam Sub-Critical,3,125,N,SWAN_B_3,125,125,25
Stanwell Corporation Limited,Swanbank E Gas Turbine,QLD1,Generator,Market,Scheduled,Fossil,Natural Gas,Combustion,Combined Cycle Gas Turbine (CCGT),1,385,N,SWAN_E,385,385,77
Stanwell Corporation Limited,Tarong North Power Station,QLD1,Generator,Market,Scheduled,Fossil,Black Coal,Combustion,Steam Super Critical,1,450,N,TNPS1,443,480,96
Stanwell Corporation Limited,Tarong Power Station,QLD1,Generator,Market,Non-Scheduled,Fossil,Natural Gas,Combustion,Open Cycle Gas turbines (OCGT),5,15,N,-,15,,
Stanwell Corporation Limited,Tarong Power Station,QLD1,Generator,Market,Scheduled,Fossil,Black Coal,Combustion,Steam Sub-Critical,1,350,N,TARONG#1,350,385,77
Stanwell Corporation Limited,Tarong Power Station,QLD1,Generator,Market,Scheduled,Fossil,Black Coal,Combustion,Steam Sub-Critical,2,350,N,TARONG#2,350,385,77
Stanwell Corporation Limited,Tarong Power Station,QLD1,Generator,Market,Scheduled,Fossil,Black Coal,Combustion,Steam Sub-Critical,3,350,N,TARONG#3,350,385,77
Stanwell Corporation Limited,Tarong Power Station,QLD1,Generator,Market,Scheduled,Fossil,Black Coal,Combustion,Steam Sub-Critical,4,350,N,TARONG#4,350,385,77
Stanwell Corporation Limited,Wivenhoe Small Hydro,QLD1,Generator,Market,Non-Scheduled,Hydro,Water,Renewable,Run of River,1,4.7,N,WIVENSH,4.7,5,
Starfish Hill Wind Farm Pty Ltd ,Starfish Hill Wind Farm,SA1,Generator,Market,Non-Scheduled,Wind,Wind,Renewable,Wind - Onshore,Jan-23,1.5,N,STARHLWF,34.5,35,
State Electricity Commission (Vic),Anglesea Power Station,VIC1,Generator,Market,Non-Scheduled,Fossil,Brown Coal,Combustion,Steam Sub-Critical,1,150,N,APS,150,160,4
Sucrogen Australia Pty Ltd,Victoria Mill ,QLD1,Generator,Non-Market,Non-Scheduled,Renewable/ Biomass / Waste,Bagasse,Combustion,Steam - Super heated,1,5,N,-,5,5,
Sucrogen Australia Pty Ltd,Victoria Mill ,QLD1,Generator,Non-Market,Non-Scheduled,Renewable/ Biomass / Waste,Bagasse,Combustion,Steam - Super heated,2,19,N,-,19,19,
Synergen Power Pty Ltd,Dry Creek Gas Turbine Station,SA1,Generator,Market,Scheduled,Fossil,Natural Gas,Combustion,Open Cycle Gas turbines (OCGT),1,52,N,DRYCGT1,52,57,12
Synergen Power Pty Ltd,Dry Creek Gas Turbine Station,SA1,Generator,Market,Scheduled,Fossil,Natural Gas,Combustion,Open Cycle Gas turbines (OCGT),2,52,N,DRYCGT2,52,57,12
Synergen Power Pty Ltd,Dry Creek Gas Turbine Station,SA1,Generator,Market,Scheduled,Fossil,Natural Gas,Combustion,Open Cycle Gas turbines (OCGT),3,52,N,DRYCGT3,52,57,12
Synergen Power Pty Ltd,Mintaro Gas Turbine Station,SA1,Generator,Market,Scheduled,Fossil,Natural Gas,Combustion,Open Cycle Gas turbines (OCGT),1,90,N,MINTARO,90,105,5
Synergen Power Pty Ltd,Port Lincoln Gas Turbine,SA1,Generator,Market,Scheduled,Fossil,Diesel,Combustion,Open Cycle Gas turbines (OCGT),1-Feb,25,Y,POR01,50,55,6
Synergen Power Pty Ltd,Port Lincoln Gas Turbine,SA1,Generator,Market,Scheduled,Fossil,Diesel,Combustion,Open Cycle Gas turbines (OCGT),3,23.5,N,POR03,23.5,23,5
Synergen Power Pty Ltd,Snuggery Power Station,SA1,Generator,Market,Scheduled,Fossil,Diesel,Combustion,Open Cycle Gas turbines (OCGT),1-Mar,21,Y,SNUG1,63,69,3
Toora Wind Farm Pty Ltd ,Toora Wind Farm,VIC1,Generator,Market,Non-Scheduled,Wind,Wind,Renewable,Wind - Onshore,1-Dec,1.75,Y,TOORAWF,21,21,
TRUenergy Pty Ltd,Hallett Power Station,SA1,Generator,Market,Scheduled,Fossil,Natural Gas / Diesel,Combustion,Combined Cycle Gas Turbine (CCGT),1-Apr,16.8,Y,AGLHAL,180,220,44
TRUenergy Pty Ltd,Hallett Power Station,SA1,Generator,Market,Scheduled,Fossil,Natural Gas / Diesel,Combustion,Combined Cycle Gas Turbine (CCGT),5-Jun,25.2,Y,AGLHAL,-,-,
TRUenergy Pty Ltd,Hallett Power Station,SA1,Generator,Market,Scheduled,Fossil,Natural Gas / Diesel,Combustion,Combined Cycle Gas Turbine (CCGT),7-Oct,16.8,Y,AGLHAL,-,-,
TRUenergy Pty Ltd,Hallett Power Station,SA1,Generator,Market,Scheduled,Fossil,Natural Gas / Diesel,Combustion,Combined Cycle Gas Turbine (CCGT),11-Dec,17.9,Y,AGLHAL,-,-,
TRUenergy Pty Ltd,Mornington Waste Disposal Facility,VIC1,Generator,Market,Non-Scheduled,Renewable/ Biomass / Waste,Landfill Methane / Landfill Gas,Combustion,Compression Reciprocating Engine,1,0.77,N,MORNW,1,1,
TRUenergy Pty Ltd,Mt Piper Power Station,NSW1,Generator,Market,Scheduled,Fossil,Black Coal,Combustion,Steam Sub-Critical,1,700,N,MP1,700,700,25
TRUenergy Pty Ltd,Mt Piper Power Station,NSW1,Generator,Market,Scheduled,Fossil,Black Coal,Combustion,Steam Sub-Critical,2,700,N,MP2,700,700,25
TRUenergy Pty Ltd,Tallawarra Power Station,NSW1,Generator,Market,Scheduled,Fossil,Natural Gas,Combustion,Combined Cycle Gas Turbine (CCGT),1,460,N,TALWA1,460,460,92
TRUenergy Pty Ltd,"Wallerawang ""C"" Power Station",NSW1,Generator,Market,Scheduled,Fossil,Black Coal,Combustion,Steam Sub-Critical,7,500,N,WW7,500,500,10
TRUenergy Pty Ltd,"Wallerawang ""C"" Power Station",NSW1,Generator,Market,Scheduled,Fossil,Black Coal,Combustion,Steam Sub-Critical,8,500,N,WW8,500,500,10
TRUenergy Pty Ltd,Waterloo Wind Farm,SA1,Generator,Market,Semi-Scheduled,Wind,Wind,Renewable,Wind - Onshore,Jan-37,3,N,WATERLWF,111,111,23
TRUenergy Pty Ltd,Woodlawn Bioreactor Energy Generation Station,NSW1,Generator,Market,Non-Scheduled,Renewable/ Biomass / Waste,Landfill Methane / Landfill Gas,Combustion,Compression Reciprocating Engine,1-Jun,1.065,N,WDLNGN01,7,7,
TRUenergy Pty Ltd,Wyndham Waste Disposal Facility,VIC1,Generator,Market,Non-Scheduled,Renewable/ Biomass / Waste,Landfill Methane / Landfill Gas,Combustion,Compression Reciprocating Engine,1,1,N,WYNDW,1,1,
TRUenergy Yallourn Pty Ltd,Longford Plant,VIC1,Generator,Market,Non-Scheduled,Fossil,Natural Gas,,,1-Jun,5.3,N,LONGFORD,31.8,31,
TRUenergy Yallourn Pty Ltd,Yallourn W Power Station,VIC1,Generator,Market,Scheduled,Fossil,Brown Coal,Combustion,Steam Sub-Critical,1,360,N,YWPS1,360,380,76
TRUenergy Yallourn Pty Ltd,Yallourn W Power Station,VIC1,Generator,Market,Scheduled,Fossil,Brown Coal,Combustion,Steam Sub-Critical,2,360,N,YWPS2,360,380,76
TRUenergy Yallourn Pty Ltd,Yallourn W Power Station,VIC1,Generator,Market,Scheduled,Fossil,Brown Coal,Combustion,Steam Sub-Critical,3,380,N,YWPS3,380,405,81
TRUenergy Yallourn Pty Ltd,Yallourn W Power Station,VIC1,Generator,Market,Scheduled,Fossil,Brown Coal,Combustion,Steam Sub-Critical,4,380,N,YWPS4,380,405,81
Valley Power Pty Ltd,Valley Power Peaking Facility,VIC1,Generator,Market,Scheduled,Fossil,Natural Gas,Combustion,Open Cycle Gas turbines (OCGT),1-Jun,50,Y,VPGS,300,390,78
Veolia Environmental Services (Australia) Pty Ltd,Veolia Ti Tree Bio Reactor,QLD1,Generator,Market,Non-Scheduled,Renewable/ Biomass / Waste,Landfill Methane / Landfill Gas,Combustion,Compression Reciprocating Engine,1-Feb,1,Y,TITREE,2,2,
Windy Hill Wind Farm Pty Ltd ,Windy Hill Wind Farm,QLD1,Generator,Market,Non-Scheduled,Wind,Wind,Renewable,Wind - Onshore,Jan-20,0.6,Y,WHILL1,12,12,
Woodlawn Wind Pty Ltd,Woodlawn Wind Farm,NSW1,Generator,Market,Semi-Scheduled,Wind,Wind,Renewable,Wind - Onshore,Jan-23,2.1,N,WOODLWN1,48,48,1